,country,year,happiness_score,gdp_per_capita
0,Afghanistan,2015,3.575,0.31982
315,Afghanistan,2017,3.7939999103546103,0.401477217674255
625,Afghanistan,2018,3.6319999999999997,0.332
158,Afghanistan,2016,3.36,0.38227
781,Afghanistan,2019,3.2030000000000003,0.35
470,Afghanistan,2017,3.7939999103546103,0.401477217674255
471,Albania,2017,4.64400005340576,0.996192753314972
626,Albania,2018,4.586,0.9159999999999999
1,Albania,2015,4.959,0.8786700000000001
159,Albania,2016,4.655,0.9553
782,Albania,2019,4.718999999999999,0.9470000000000001
316,Albania,2017,4.64400005340576,0.996192753314972
472,Algeria,2017,5.872000217437741,1.09186446666718
2,Algeria,2015,5.605,0.93929
160,Algeria,2016,6.355,1.05266
627,Algeria,2018,5.295,0.9790000000000001
317,Algeria,2017,5.872000217437741,1.09186446666718
783,Algeria,2019,5.211,1.002
3,Angola,2015,4.033,0.75778
161,Angola,2016,3.866,0.84731
318,Angola,2017,3.79500007629395,0.8584281802177429
628,Angola,2018,3.795,0.73
473,Angola,2017,3.79500007629395,0.8584281802177429
319,Argentina,2017,6.59899997711182,1.18529546260834
629,Argentina,2018,6.388,1.073
4,Argentina,2015,6.574,1.05351
162,Argentina,2016,6.65,1.15137
784,Argentina,2019,6.086,1.092
474,Argentina,2017,6.59899997711182,1.18529546260834
320,Armenia,2017,4.37599992752075,0.900596737861633
630,Armenia,2018,4.321000000000001,0.816
5,Armenia,2015,4.35,0.7682100000000001
785,Armenia,2019,4.559,0.85
163,Armenia,2016,4.36,0.8608600000000001
475,Armenia,2017,4.37599992752075,0.900596737861633
476,Australia,2017,7.28399991989136,1.4844149351120002
164,Australia,2016,7.313,1.4444299999999999
786,Australia,2019,7.228,1.3719999999999999
631,Australia,2018,7.272,1.34
321,Australia,2017,7.28399991989136,1.4844149351120002
6,Australia,2015,7.284,1.33358
477,Austria,2017,7.00600004196167,1.4870972633361799
322,Austria,2017,7.00600004196167,1.4870972633361799
632,Austria,2018,7.138999999999999,1.341
787,Austria,2019,7.246,1.376
7,Austria,2015,7.2,1.33723
165,Austria,2016,7.119,1.45038
323,Azerbaijan,2017,5.234000205993651,1.1536017656326298
633,Azerbaijan,2018,5.2010000000000005,1.024
788,Azerbaijan,2019,5.207999999999999,1.043
8,Azerbaijan,2015,5.212000000000001,1.02389
166,Azerbaijan,2016,5.291,1.12373
478,Azerbaijan,2017,5.234000205993651,1.1536017656326298
634,Bahrain,2018,6.105,1.338
167,Bahrain,2016,6.218,1.44024
479,Bahrain,2017,6.08699989318848,1.4884122610092199
9,Bahrain,2015,5.96,1.32376
789,Bahrain,2019,6.199,1.3619999999999999
324,Bahrain,2017,6.08699989318848,1.4884122610092199
10,Bangladesh,2015,4.694,0.39753
168,Bangladesh,2016,4.643,0.54177
790,Bangladesh,2019,4.456,0.562
635,Bangladesh,2018,4.5,0.532
480,Bangladesh,2017,4.60799980163574,0.586682975292206
325,Bangladesh,2017,4.60799980163574,0.586682975292206
481,Belarus,2017,5.5689997673034695,1.15655755996704
11,Belarus,2015,5.813,1.0319200000000002
169,Belarus,2016,5.8020000000000005,1.1306200000000002
326,Belarus,2017,5.5689997673034695,1.15655755996704
791,Belarus,2019,5.3229999999999995,1.067
636,Belarus,2018,5.483,1.0390000000000001
12,Belgium,2015,6.937,1.30782
482,Belgium,2017,6.89099979400635,1.4637807607650801
792,Belgium,2019,6.922999999999999,1.3559999999999999
327,Belgium,2017,6.89099979400635,1.4637807607650801
637,Belgium,2018,6.9270000000000005,1.324
170,Belgium,2016,6.928999999999999,1.42539
638,Belize,2018,5.956,0.807
328,Belize,2017,5.955999851226809,0.907975316047668
483,Belize,2017,5.955999851226809,0.907975316047668
171,Belize,2016,5.956,0.87616
484,Benin,2017,3.65700006484985,0.43108540773391707
172,Benin,2016,3.484,0.39499
639,Benin,2018,4.141,0.37799999999999995
13,Benin,2015,3.34,0.28665
793,Benin,2019,4.883,0.39299999999999996
329,Benin,2017,3.65700006484985,0.43108540773391707
14,Bhutan,2015,5.252999999999999,0.77042
173,Bhutan,2016,5.196000000000001,0.8527
485,Bhutan,2017,5.01100015640259,0.885416388511658
794,Bhutan,2019,5.082,0.813
640,Bhutan,2018,5.082,0.7959999999999999
330,Bhutan,2017,5.01100015640259,0.885416388511658
15,Bolivia,2015,5.89,0.68133
174,Bolivia,2016,5.822,0.79422
486,Bolivia,2017,5.82299995422363,0.833756566047668
331,Bolivia,2017,5.82299995422363,0.833756566047668
641,Bolivia,2018,5.752000000000001,0.7509999999999999
795,Bolivia,2019,5.779,0.7759999999999999
796,Bosnia and Herzegovina,2019,5.386,0.945
16,Bosnia and Herzegovina,2015,4.949,0.8322299999999999
175,Bosnia and Herzegovina,2016,5.162999999999999,0.9338299999999999
487,Bosnia and Herzegovina,2017,5.18200016021729,0.982409417629242
642,Bosnia and Herzegovina,2018,5.129,0.915
332,Bosnia and Herzegovina,2017,5.18200016021729,0.982409417629242
17,Botswana,2015,4.332,0.99355
333,Botswana,2017,3.7660000324249303,1.12209415435791
488,Botswana,2017,3.7660000324249303,1.12209415435791
797,Botswana,2019,3.488,1.041
176,Botswana,2016,3.9739999999999998,1.09426
643,Botswana,2018,3.59,1.0170000000000001
334,Brazil,2017,6.6350002288818395,1.1073532104492199
489,Brazil,2017,6.6350002288818395,1.1073532104492199
798,Brazil,2019,6.3,1.004
18,Brazil,2015,6.983,0.98124
177,Brazil,2016,6.952000000000001,1.08754
644,Brazil,2018,6.419,0.986
178,Bulgaria,2016,4.217,1.11306
490,Bulgaria,2017,4.71400022506714,1.1614590883255
645,Bulgaria,2018,4.933,1.054
799,Bulgaria,2019,5.011,1.092
19,Bulgaria,2015,4.218,1.01216
335,Bulgaria,2017,4.71400022506714,1.1614590883255
800,Burkina Faso,2019,4.587,0.331
20,Burkina Faso,2015,3.5869999999999997,0.25811999999999996
179,Burkina Faso,2016,3.739,0.31995
491,Burkina Faso,2017,4.03200006484985,0.35022771358490007
336,Burkina Faso,2017,4.03200006484985,0.35022771358490007
646,Burkina Faso,2018,4.4239999999999995,0.314
337,Burundi,2017,2.90499997138977,0.09162256866693501
180,Burundi,2016,2.905,0.06831
21,Burundi,2015,2.905,0.0153
801,Burundi,2019,3.775,0.046
647,Burundi,2018,2.905,0.091
492,Burundi,2017,2.90499997138977,0.09162256866693501
338,Cambodia,2017,4.1680002212524405,0.6017650961875921
181,Cambodia,2016,3.907,0.55604
802,Cambodia,2019,4.7,0.574
648,Cambodia,2018,4.433,0.5489999999999999
22,Cambodia,2015,3.819,0.46038
493,Cambodia,2017,4.1680002212524405,0.6017650961875921
649,Cameroon,2018,4.975,0.535
182,Cameroon,2016,4.513,0.5249699999999999
339,Cameroon,2017,4.69500017166138,0.564305365085602
494,Cameroon,2017,4.69500017166138,0.564305365085602
23,Cameroon,2015,4.252,0.4225
803,Cameroon,2019,5.044,0.5489999999999999
804,Canada,2019,7.278,1.365
495,Canada,2017,7.31599998474121,1.47920441627502
650,Canada,2018,7.327999999999999,1.33
183,Canada,2016,7.404,1.44015
24,Canada,2015,7.4270000000000005,1.32629
340,Canada,2017,7.31599998474121,1.47920441627502
341,Central African Republic,2017,2.69300007820129,0.0
25,Central African Republic,2015,3.678,0.0785
496,Central African Republic,2017,2.69300007820129,0.0
805,Central African Republic,2019,3.083,0.026000000000000002
651,Central African Republic,2018,3.083,0.024
342,Chad,2017,3.9360001087188703,0.43801298737525896
184,Chad,2016,3.763,0.42213999999999996
652,Chad,2018,4.301,0.358
497,Chad,2017,3.9360001087188703,0.43801298737525896
26,Chad,2015,3.667,0.34193
806,Chad,2019,4.35,0.35
498,Chile,2017,6.65199995040894,1.25278460979462
185,Chile,2016,6.705,1.2167
27,Chile,2015,6.67,1.10715
807,Chile,2019,6.444,1.159
343,Chile,2017,6.65199995040894,1.25278460979462
653,Chile,2018,6.476,1.131
186,China,2016,5.245,1.0278
808,China,2019,5.191,1.0290000000000001
344,China,2017,5.2729997634887695,1.08116579055786
499,China,2017,5.2729997634887695,1.08116579055786
654,China,2018,5.246,0.9890000000000001
28,China,2015,5.14,0.89012
809,Colombia,2019,6.125,0.985
187,Colombia,2016,6.481,1.0303200000000001
29,Colombia,2015,6.477,0.91861
500,Colombia,2017,6.35699987411499,1.07062232494354
345,Colombia,2017,6.35699987411499,1.07062232494354
655,Colombia,2018,6.26,0.96
810,Comoros,2019,3.9730000000000003,0.27399999999999997
30,Comoros,2015,3.9560000000000004,0.23906
188,Comoros,2016,3.9560000000000004,0.27509
501,Congo (Brazzaville),2017,4.29099988937378,0.8089642524719242
31,Congo (Brazzaville),2015,3.989,0.67866
346,Congo (Brazzaville),2017,4.29099988937378,0.8089642524719242
189,Congo (Brazzaville),2016,4.236000000000001,0.7710899999999999
656,Congo (Brazzaville),2018,4.559,0.682
811,Congo (Brazzaville),2019,4.812,0.6729999999999999
812,Congo (Kinshasa),2019,4.418,0.094
32,Congo (Kinshasa),2015,4.5169999999999995,0.0
190,Congo (Kinshasa),2016,4.272,0.05661
347,Congo (Kinshasa),2017,4.2800002098083505,0.0921023488044739
502,Congo (Kinshasa),2017,4.2800002098083505,0.0921023488044739
657,Congo (Kinshasa),2018,4.245,0.069
813,Costa Rica,2019,7.167000000000001,1.034
348,Costa Rica,2017,7.0789999961853,1.10970628261566
33,Costa Rica,2015,7.226,0.95578
503,Costa Rica,2017,7.0789999961853,1.10970628261566
658,Costa Rica,2018,7.072,1.01
191,Costa Rica,2016,7.087000000000001,1.06879
34,Croatia,2015,5.7589999999999995,1.08254
504,Croatia,2017,5.2930002212524405,1.22255623340607
659,Croatia,2018,5.321000000000001,1.115
814,Croatia,2019,5.432,1.155
349,Croatia,2017,5.2930002212524405,1.22255623340607
192,Croatia,2016,5.4879999999999995,1.18649
815,Cyprus,2019,6.046,1.263
660,Cyprus,2018,5.7620000000000005,1.229
505,Cyprus,2017,5.62099981307983,1.3559380769729599
350,Cyprus,2017,5.62099981307983,1.3559380769729599
193,Cyprus,2016,5.546,1.31857
35,Cyprus,2015,5.689,1.20813
816,Czech Republic,2019,6.852,1.2690000000000001
506,Czech Republic,2017,6.60900020599365,1.35268235206604
351,Czech Republic,2017,6.60900020599365,1.35268235206604
194,Czech Republic,2016,6.596,1.30915
36,Czech Republic,2015,6.505,1.17898
661,Czech Republic,2018,6.711,1.2329999999999999
352,Denmark,2017,7.52199983596802,1.48238301277161
37,Denmark,2015,7.527,1.32548
662,Denmark,2018,7.555,1.351
195,Denmark,2016,7.526,1.4417799999999998
507,Denmark,2017,7.52199983596802,1.48238301277161
817,Denmark,2019,7.6,1.383
38,Djibouti,2015,4.369,0.44025
353,Dominican Republic,2017,5.230000019073491,1.07937383651733
39,Dominican Republic,2015,4.885,0.8953700000000001
818,Dominican Republic,2019,5.425,1.015
508,Dominican Republic,2017,5.230000019073491,1.07937383651733
663,Dominican Republic,2018,5.3020000000000005,0.982
196,Dominican Republic,2016,5.155,1.02787
354,Ecuador,2017,6.00799989700317,1.00082039833069
664,Ecuador,2018,5.973,0.889
40,Ecuador,2015,5.975,0.8640200000000001
197,Ecuador,2016,5.976,0.97306
819,Ecuador,2019,6.028,0.912
509,Ecuador,2017,6.00799989700317,1.00082039833069
665,Egypt,2018,4.419,0.885
198,Egypt,2016,4.362,0.95395
355,Egypt,2017,4.7350001335144,0.989701807498932
41,Egypt,2015,4.194,0.8818
820,Egypt,2019,4.166,0.9129999999999999
510,Egypt,2017,4.7350001335144,0.989701807498932
511,El Salvador,2017,6.002999782562259,0.9097844958305359
356,El Salvador,2017,6.002999782562259,0.9097844958305359
821,El Salvador,2019,6.252999999999999,0.794
199,El Salvador,2016,6.068,0.8737
666,El Salvador,2018,6.167000000000001,0.8059999999999999
42,El Salvador,2015,6.13,0.76454
357,Estonia,2017,5.61100006103516,1.3208793401718102
667,Estonia,2018,5.739,1.2
43,Estonia,2015,5.428999999999999,1.15174
822,Estonia,2019,5.893,1.237
512,Estonia,2017,5.61100006103516,1.3208793401718102
200,Estonia,2016,5.517,1.2796399999999999
668,Ethiopia,2018,4.35,0.308
44,Ethiopia,2015,4.512,0.19072999999999998
201,Ethiopia,2016,4.508,0.29283000000000003
513,Ethiopia,2017,4.46000003814697,0.339233845472336
358,Ethiopia,2017,4.46000003814697,0.339233845472336
823,Ethiopia,2019,4.2860000000000005,0.336
359,Finland,2017,7.468999862670901,1.44357192516327
202,Finland,2016,7.412999999999999,1.40598
45,Finland,2015,7.406000000000001,1.29025
514,Finland,2017,7.468999862670901,1.44357192516327
824,Finland,2019,7.769,1.34
669,Finland,2018,7.632000000000001,1.305
825,France,2019,6.5920000000000005,1.324
360,France,2017,6.44199991226196,1.43092346191406
203,France,2016,6.478,1.39488
515,France,2017,6.44199991226196,1.43092346191406
46,France,2015,6.575,1.27778
670,France,2018,6.489,1.2930000000000001
671,Gabon,2018,4.758,1.036
204,Gabon,2016,4.121,1.15851
516,Gabon,2017,4.46500015258789,1.1982102394104
361,Gabon,2017,4.46500015258789,1.1982102394104
826,Gabon,2019,4.7989999999999995,1.057
47,Gabon,2015,3.8960000000000004,1.06024
827,Gambia,2019,4.516,0.308
362,Georgia,2017,4.28599977493286,0.950612664222717
828,Georgia,2019,4.519,0.8859999999999999
517,Georgia,2017,4.28599977493286,0.950612664222717
48,Georgia,2015,4.297,0.7419
672,Georgia,2018,4.34,0.853
205,Georgia,2016,4.252,0.8379200000000001
363,Germany,2017,6.9510002136230495,1.48792338371277
829,Germany,2019,6.985,1.3730000000000002
49,Germany,2015,6.75,1.32792
673,Germany,2018,6.965,1.34
206,Germany,2016,6.994,1.44787
518,Germany,2017,6.9510002136230495,1.48792338371277
519,Ghana,2017,4.11999988555908,0.667224824428558
50,Ghana,2015,4.633,0.5455800000000001
674,Ghana,2018,4.657,0.5920000000000001
207,Ghana,2016,4.276,0.63107
830,Ghana,2019,4.996,0.611
364,Ghana,2017,4.11999988555908,0.667224824428558
208,Greece,2016,5.033,1.24886
51,Greece,2015,4.857,1.15406
831,Greece,2019,5.287000000000001,1.181
520,Greece,2017,5.2270002365112305,1.28948748111725
675,Greece,2018,5.358,1.1540000000000001
365,Greece,2017,5.2270002365112305,1.28948748111725
832,Guatemala,2019,6.436,0.8
521,Guatemala,2017,6.4539999961853,0.872001945972443
366,Guatemala,2017,6.4539999961853,0.872001945972443
52,Guatemala,2015,6.122999999999999,0.74553
676,Guatemala,2018,6.382000000000001,0.7809999999999999
209,Guatemala,2016,6.324,0.83454
210,Guinea,2016,3.6069999999999998,0.22415
367,Guinea,2017,3.50699996948242,0.24454993009567302
833,Guinea,2019,4.534,0.38
677,Guinea,2018,3.964,0.344
522,Guinea,2017,3.50699996948242,0.24454993009567302
53,Guinea,2015,3.656,0.17417
54,Haiti,2015,4.518,0.26673
678,Haiti,2018,3.582,0.315
368,Haiti,2017,3.6029999256133998,0.368610262870789
834,Haiti,2019,3.597,0.32299999999999995
211,Haiti,2016,4.0280000000000005,0.34097
523,Haiti,2017,3.6029999256133998,0.368610262870789
524,Honduras,2017,5.1810002326965305,0.730573117733002
369,Honduras,2017,5.1810002326965305,0.730573117733002
835,Honduras,2019,5.86,0.642
212,Honduras,2016,4.871,0.69429
55,Honduras,2015,4.788,0.59532
679,Honduras,2018,5.504,0.62
836,Hong Kong,2019,5.43,1.4380000000000002
680,Hong Kong,2018,5.43,1.405
213,Hong Kong,2016,5.457999999999999,1.5107
56,Hong Kong,2015,5.474,1.38604
525,"Hong Kong S.A.R., China",2017,5.47200012207031,1.55167484283447
370,"Hong Kong S.A.R., China",2017,5.47200012207031,1.55167484283447
526,Hungary,2017,5.32399988174438,1.2860119342803997
681,Hungary,2018,5.62,1.171
371,Hungary,2017,5.32399988174438,1.2860119342803997
214,Hungary,2016,5.145,1.24142
837,Hungary,2019,5.757999999999999,1.2009999999999998
57,Hungary,2015,4.8,1.12094
527,Iceland,2017,7.50400018692017,1.480633020401
682,Iceland,2018,7.495,1.3430000000000002
215,Iceland,2016,7.501,1.42666
58,Iceland,2015,7.561,1.3023200000000001
372,Iceland,2017,7.50400018692017,1.480633020401
838,Iceland,2019,7.494,1.38
839,India,2019,4.015,0.755
216,India,2016,4.404,0.74036
373,India,2017,4.31500005722046,0.7922212481498722
59,India,2015,4.565,0.64499
683,India,2018,4.19,0.721
528,India,2017,4.31500005722046,0.7922212481498722
684,Indonesia,2018,5.093,0.899
217,Indonesia,2016,5.314,0.95104
374,Indonesia,2017,5.26200008392334,0.995538592338562
529,Indonesia,2017,5.26200008392334,0.995538592338562
840,Indonesia,2019,5.192,0.9309999999999999
60,Indonesia,2015,5.399,0.8282700000000001
61,Iran,2015,4.686,1.0088
685,Iran,2018,4.707,1.0590000000000002
218,Iran,2016,4.813,1.11758
841,Iran,2019,4.548,1.1
530,Iran,2017,4.69199991226196,1.15687310695648
375,Iran,2017,4.69199991226196,1.15687310695648
219,Iraq,2016,4.575,1.07474
686,Iraq,2018,4.456,1.01
842,Iraq,2019,4.437,1.043
531,Iraq,2017,4.49700021743774,1.1027104854583702
376,Iraq,2017,4.49700021743774,1.1027104854583702
62,Iraq,2015,4.677,0.98549
532,Ireland,2017,6.9770002365112305,1.5357066392898602
377,Ireland,2017,6.9770002365112305,1.5357066392898602
687,Ireland,2018,6.977,1.4480000000000002
63,Ireland,2015,6.94,1.33596
843,Ireland,2019,7.021,1.499
220,Ireland,2016,6.907,1.4834100000000001
844,Israel,2019,7.138999999999999,1.276
378,Israel,2017,7.212999820709231,1.3753824234008798
221,Israel,2016,7.267,1.33766
533,Israel,2017,7.212999820709231,1.3753824234008798
688,Israel,2018,6.814,1.301
64,Israel,2015,7.278,1.2285700000000002
534,Italy,2017,5.96400022506714,1.3950666189193701
222,Italy,2016,5.977,1.35495
65,Italy,2015,5.9479999999999995,1.25114
689,Italy,2018,6.0,1.264
845,Italy,2019,6.223,1.294
379,Italy,2017,5.96400022506714,1.3950666189193701
66,Ivory Coast,2015,3.655,0.46534
223,Ivory Coast,2016,3.9160000000000004,0.55507
846,Ivory Coast,2019,4.944,0.569
380,Ivory Coast,2017,4.17999982833862,0.6030489206314089
535,Ivory Coast,2017,4.17999982833862,0.6030489206314089
690,Ivory Coast,2018,4.671,0.541
691,Jamaica,2018,5.89,0.8190000000000001
381,Jamaica,2017,5.31099987030029,0.925579309463501
224,Jamaica,2016,5.51,0.89333
847,Jamaica,2019,5.89,0.831
536,Jamaica,2017,5.31099987030029,0.925579309463501
67,Jamaica,2015,5.709,0.81038
68,Japan,2015,5.987,1.27074
225,Japan,2016,5.921,1.3800700000000001
848,Japan,2019,5.886,1.327
692,Japan,2018,5.915,1.294
537,Japan,2017,5.92000007629395,1.41691517829895
382,Japan,2017,5.92000007629395,1.41691517829895
69,Jordan,2015,5.192,0.9019799999999999
538,Jordan,2017,5.33599996566772,0.9910123944282528
693,Jordan,2018,5.1610000000000005,0.8220000000000001
849,Jordan,2019,4.906000000000001,0.8370000000000001
383,Jordan,2017,5.33599996566772,0.9910123944282528
226,Jordan,2016,5.303,0.9967299999999999
70,Kazakhstan,2015,5.855,1.1225399999999999
694,Kazakhstan,2018,5.79,1.143
850,Kazakhstan,2019,5.809,1.173
539,Kazakhstan,2017,5.8189997673034695,1.2845562696456898
384,Kazakhstan,2017,5.8189997673034695,1.2845562696456898
227,Kazakhstan,2016,5.919,1.22943
695,Kenya,2018,4.41,0.493
71,Kenya,2015,4.419,0.36471
228,Kenya,2016,4.356,0.52267
540,Kenya,2017,4.55299997329712,0.560479462146759
385,Kenya,2017,4.55299997329712,0.560479462146759
851,Kenya,2019,4.5089999999999995,0.512
386,Kosovo,2017,5.27899980545044,0.951484382152557
72,Kosovo,2015,5.5889999999999995,0.80148
696,Kosovo,2018,5.662000000000001,0.855
541,Kosovo,2017,5.27899980545044,0.951484382152557
229,Kosovo,2016,5.401,0.90145
852,Kosovo,2019,6.1,0.882
387,Kuwait,2017,6.10500001907349,1.63295245170593
697,Kuwait,2018,6.082999999999999,1.474
853,Kuwait,2019,6.021,1.5
542,Kuwait,2017,6.10500001907349,1.63295245170593
230,Kuwait,2016,6.239,1.61714
73,Kuwait,2015,6.295,1.5542200000000002
231,Kyrgyzstan,2016,5.185,0.5604399999999999
388,Kyrgyzstan,2017,5.0040001869201705,0.5962200760841371
543,Kyrgyzstan,2017,5.0040001869201705,0.5962200760841371
74,Kyrgyzstan,2015,5.2860000000000005,0.47428000000000003
698,Kyrgyzstan,2018,5.131,0.53
854,Kyrgyzstan,2019,5.261,0.551
75,Laos,2015,4.876,0.5906600000000001
232,Laos,2016,4.876,0.68042
699,Laos,2018,4.623,0.72
855,Laos,2019,4.796,0.764
700,Latvia,2018,5.933,1.148
389,Latvia,2017,5.849999904632571,1.26074862480164
544,Latvia,2017,5.849999904632571,1.26074862480164
233,Latvia,2016,5.56,1.2178799999999999
76,Latvia,2015,5.098,1.11312
856,Latvia,2019,5.94,1.187
77,Lebanon,2015,4.8389999999999995,1.0256399999999999
390,Lebanon,2017,5.22499990463257,1.07498753070831
701,Lebanon,2018,5.358,0.965
857,Lebanon,2019,5.197,0.987
545,Lebanon,2017,5.22499990463257,1.07498753070831
234,Lebanon,2016,5.129,1.12268
546,Lesotho,2017,3.80800008773804,0.521021246910095
702,Lesotho,2018,3.8080000000000003,0.47200000000000003
858,Lesotho,2019,3.802,0.489
78,Lesotho,2015,4.898,0.37545
391,Lesotho,2017,3.80800008773804,0.521021246910095
703,Liberia,2018,3.495,0.076
392,Liberia,2017,3.5329999923706095,0.11904179304838199
235,Liberia,2016,3.622,0.10705999999999999
547,Liberia,2017,3.5329999923706095,0.11904179304838199
79,Liberia,2015,4.571000000000001,0.0712
859,Liberia,2019,3.975,0.073
860,Libya,2019,5.525,1.044
704,Libya,2018,5.566,0.985
393,Libya,2017,5.525000095367429,1.1018030643463101
548,Libya,2017,5.525000095367429,1.1018030643463101
80,Libya,2015,5.754,1.13145
236,Libya,2016,5.615,1.0668799999999998
861,Lithuania,2019,6.149,1.238
237,Lithuania,2016,5.813,1.2692
81,Lithuania,2015,5.832999999999999,1.14723
549,Lithuania,2017,5.90199995040894,1.3145823478698702
394,Lithuania,2017,5.90199995040894,1.3145823478698702
705,Lithuania,2018,5.952000000000001,1.197
238,Luxembourg,2016,6.871,1.6975200000000001
82,Luxembourg,2015,6.946000000000001,1.5639100000000001
706,Luxembourg,2018,6.91,1.5759999999999998
862,Luxembourg,2019,7.09,1.609
395,Luxembourg,2017,6.86299991607666,1.74194359779358
550,Luxembourg,2017,6.86299991607666,1.74194359779358
239,Macedonia,2016,5.121,1.0193
396,Macedonia,2017,5.175000190734861,1.06457793712616
551,Macedonia,2017,5.175000190734861,1.06457793712616
83,Macedonia,2015,5.007,0.91851
707,Macedonia,2018,5.185,0.9590000000000001
84,Madagascar,2015,3.681,0.20824
863,Madagascar,2019,3.9330000000000003,0.27399999999999997
552,Madagascar,2017,3.64400005340576,0.305808693170547
240,Madagascar,2016,3.695,0.27954
397,Madagascar,2017,3.64400005340576,0.305808693170547
708,Madagascar,2018,3.7739999999999996,0.262
241,Malawi,2016,4.156000000000001,0.08709
398,Malawi,2017,3.97000002861023,0.233442038297653
553,Malawi,2017,3.97000002861023,0.233442038297653
864,Malawi,2019,3.41,0.191
709,Malawi,2018,3.5869999999999997,0.18600000000000003
85,Malawi,2015,4.292,0.016040000000000002
242,Malaysia,2016,6.005,1.25142
86,Malaysia,2015,5.77,1.12486
554,Malaysia,2017,6.08400011062622,1.29121541976929
399,Malaysia,2017,6.08400011062622,1.29121541976929
865,Malaysia,2019,5.3389999999999995,1.2209999999999999
710,Malaysia,2018,6.322,1.161
711,Mali,2018,4.447,0.37
400,Mali,2017,4.19000005722046,0.476180493831635
866,Mali,2019,4.39,0.385
555,Mali,2017,4.19000005722046,0.476180493831635
87,Mali,2015,3.995,0.26074
243,Mali,2016,4.073,0.31292
867,Malta,2019,6.726,1.3
712,Malta,2018,6.627000000000001,1.27
556,Malta,2017,6.52699995040894,1.34327983856201
401,Malta,2017,6.52699995040894,1.34327983856201
244,Malta,2016,6.4879999999999995,1.30782
88,Malta,2015,6.3020000000000005,1.2074
557,Mauritania,2017,4.29199981689453,0.6484572887420649
245,Mauritania,2016,4.2010000000000005,0.6139100000000001
402,Mauritania,2017,4.29199981689453,0.6484572887420649
89,Mauritania,2015,4.436,0.45407
868,Mauritania,2019,4.49,0.57
713,Mauritania,2018,4.356,0.557
403,Mauritius,2017,5.62900018692017,1.1893955469131499
90,Mauritius,2015,5.477,1.0076100000000001
714,Mauritius,2018,5.891,1.09
246,Mauritius,2016,5.648,1.14372
869,Mauritius,2019,5.888,1.12
558,Mauritius,2017,5.62900018692017,1.1893955469131499
715,Mexico,2018,6.4879999999999995,1.038
91,Mexico,2015,7.187,1.02054
870,Mexico,2019,6.595,1.07
559,Mexico,2017,6.57800006866455,1.1531838178634601
247,Mexico,2016,6.778,1.1150799999999998
404,Mexico,2017,6.57800006866455,1.1531838178634601
560,Moldova,2017,5.837999820709231,0.7288706302642819
405,Moldova,2017,5.837999820709231,0.7288706302642819
716,Moldova,2018,5.64,0.657
871,Moldova,2019,5.529,0.685
248,Moldova,2016,5.897,0.69177
92,Moldova,2015,5.888999999999999,0.59448
717,Mongolia,2018,5.125,0.914
872,Mongolia,2019,5.285,0.948
249,Mongolia,2016,4.907,0.9885299999999999
93,Mongolia,2015,4.874,0.82819
561,Mongolia,2017,4.95499992370605,1.0272358655929599
406,Mongolia,2017,4.95499992370605,1.0272358655929599
250,Montenegro,2016,5.1610000000000005,1.07838
94,Montenegro,2015,5.192,0.9743799999999999
873,Montenegro,2019,5.523,1.051
562,Montenegro,2017,5.23699998855591,1.12112903594971
718,Montenegro,2018,5.347,1.0170000000000001
407,Montenegro,2017,5.23699998855591,1.12112903594971
251,Morocco,2016,5.151,0.8405799999999999
563,Morocco,2017,5.2350001335144,0.8781145811080929
874,Morocco,2019,5.207999999999999,0.8009999999999999
95,Morocco,2015,5.013,0.7347899999999999
408,Morocco,2017,5.2350001335144,0.8781145811080929
719,Morocco,2018,5.254,0.779
875,Mozambique,2019,4.466,0.204
564,Mozambique,2017,4.550000190734861,0.23430564999580397
96,Mozambique,2015,4.971,0.08308
409,Mozambique,2017,4.550000190734861,0.23430564999580397
720,Mozambique,2018,4.417,0.198
97,Myanmar,2015,4.3069999999999995,0.27108000000000004
876,Myanmar,2019,4.36,0.71
252,Myanmar,2016,4.395,0.34112
410,Myanmar,2017,4.54500007629395,0.36711055040359497
565,Myanmar,2017,4.54500007629395,0.36711055040359497
721,Myanmar,2018,4.308,0.682
722,Namibia,2018,4.441,0.8740000000000001
253,Namibia,2016,4.574,0.9328700000000001
411,Namibia,2017,4.57399988174438,0.964434325695038
566,Namibia,2017,4.57399988174438,0.964434325695038
877,Namibia,2019,4.638999999999999,0.879
254,Nepal,2016,4.793,0.44626000000000005
723,Nepal,2018,4.88,0.425
412,Nepal,2017,4.961999893188481,0.479820191860199
878,Nepal,2019,4.913,0.446
98,Nepal,2015,4.513999999999999,0.35996999999999996
567,Nepal,2017,4.961999893188481,0.479820191860199
568,Netherlands,2017,7.3769998550415,1.50394463539124
99,Netherlands,2015,7.377999999999999,1.32944
413,Netherlands,2017,7.3769998550415,1.50394463539124
879,Netherlands,2019,7.4879999999999995,1.396
255,Netherlands,2016,7.3389999999999995,1.46468
724,Netherlands,2018,7.441,1.361
880,New Zealand,2019,7.307,1.3030000000000002
100,New Zealand,2015,7.2860000000000005,1.2501799999999998
414,New Zealand,2017,7.31400012969971,1.40570604801178
725,New Zealand,2018,7.324,1.268
569,New Zealand,2017,7.31400012969971,1.40570604801178
256,New Zealand,2016,7.334,1.36066
726,Nicaragua,2018,6.141,0.6679999999999999
881,Nicaragua,2019,6.105,0.6940000000000001
415,Nicaragua,2017,6.07100009918213,0.737299203872681
101,Nicaragua,2015,5.827999999999999,0.59325
257,Nicaragua,2016,5.992000000000001,0.69384
570,Nicaragua,2017,6.07100009918213,0.737299203872681
727,Niger,2018,4.166,0.131
416,Niger,2017,4.02799987792969,0.16192533075809498
258,Niger,2016,3.8560000000000003,0.1327
102,Niger,2015,3.845,0.0694
571,Niger,2017,4.02799987792969,0.16192533075809498
882,Niger,2019,4.628,0.138
103,Nigeria,2015,5.268,0.65435
728,Nigeria,2018,5.155,0.6890000000000001
259,Nigeria,2016,4.875,0.75216
883,Nigeria,2019,5.265,0.696
417,Nigeria,2017,5.07399988174438,0.783756256103516
572,Nigeria,2017,5.07399988174438,0.783756256103516
260,North Cyprus,2016,5.771,1.31141
104,North Cyprus,2015,5.695,1.2080600000000001
418,North Cyprus,2017,5.80999994277954,1.3469113111496
573,North Cyprus,2017,5.80999994277954,1.3469113111496
884,North Macedonia,2019,5.274,0.983
885,Northern Cyprus,2019,5.718,1.263
729,Northern Cyprus,2018,5.835,1.229
574,Norway,2017,7.537000179290769,1.6164631843566901
105,Norway,2015,7.522,1.459
419,Norway,2017,7.537000179290769,1.6164631843566901
261,Norway,2016,7.497999999999999,1.57744
730,Norway,2018,7.593999999999999,1.456
886,Norway,2019,7.553999999999999,1.4880000000000002
106,Oman,2015,6.853,1.36011
420,Pakistan,2017,5.26900005340576,0.7268835306167599
262,Pakistan,2016,5.132000000000001,0.68816
575,Pakistan,2017,5.26900005340576,0.7268835306167599
107,Pakistan,2015,5.194,0.59543
731,Pakistan,2018,5.472,0.652
887,Pakistan,2019,5.653,0.677
263,Palestinian Territories,2016,4.754,0.67024
576,Palestinian Territories,2017,4.77500009536743,0.716249227523804
888,Palestinian Territories,2019,4.696000000000001,0.657
421,Palestinian Territories,2017,4.77500009536743,0.716249227523804
108,Palestinian Territories,2015,4.715,0.59867
732,Palestinian Territories,2018,4.743,0.642
733,Panama,2018,6.43,1.112
889,Panama,2019,6.321000000000001,1.149
422,Panama,2017,6.4520001411438,1.23374843597412
109,Panama,2015,6.7860000000000005,1.0635299999999999
264,Panama,2016,6.7010000000000005,1.18306
577,Panama,2017,6.4520001411438,1.23374843597412
423,Paraguay,2017,5.493000030517581,0.932537317276001
110,Paraguay,2015,5.877999999999999,0.75985
265,Paraguay,2016,5.537999999999999,0.8937299999999999
578,Paraguay,2017,5.493000030517581,0.932537317276001
890,Paraguay,2019,5.742999999999999,0.855
734,Paraguay,2018,5.681,0.835
579,Peru,2017,5.71500015258789,1.0352252721786501
735,Peru,2018,5.662999999999999,0.934
891,Peru,2019,5.697,0.96
266,Peru,2016,5.742999999999999,0.9960200000000001
424,Peru,2017,5.71500015258789,1.0352252721786501
111,Peru,2015,5.824,0.9001899999999999
580,Philippines,2017,5.42999982833862,0.85769921541214
112,Philippines,2015,5.073,0.70532
892,Philippines,2019,5.631,0.807
425,Philippines,2017,5.42999982833862,0.85769921541214
267,Philippines,2016,5.279,0.81217
736,Philippines,2018,5.524,0.775
893,Poland,2019,6.182,1.206
426,Poland,2017,5.97300004959106,1.29178786277771
737,Poland,2018,6.122999999999999,1.176
268,Poland,2016,5.835,1.24585
113,Poland,2015,5.791,1.12555
581,Poland,2017,5.97300004959106,1.29178786277771
738,Portugal,2018,5.41,1.188
582,Portugal,2017,5.19500017166138,1.3151752948761002
114,Portugal,2015,5.102,1.15991
269,Portugal,2016,5.122999999999999,1.27607
427,Portugal,2017,5.19500017166138,1.3151752948761002
894,Portugal,2019,5.693,1.2209999999999999
270,Puerto Rico,2016,7.039,1.35943
739,Qatar,2018,6.374,1.649
583,Qatar,2017,6.375,1.8707656860351598
271,Qatar,2016,6.375,1.82427
428,Qatar,2017,6.375,1.8707656860351598
115,Qatar,2015,6.611000000000001,1.69042
895,Qatar,2019,6.374,1.6840000000000002
116,Romania,2015,5.124,1.04345
740,Romania,2018,5.945,1.1159999999999999
272,Romania,2016,5.528,1.1697
429,Romania,2017,5.824999809265139,1.21768391132355
896,Romania,2019,6.07,1.162
584,Romania,2017,5.824999809265139,1.21768391132355
430,Russia,2017,5.962999820709231,1.28177809715271
897,Russia,2019,5.648,1.183
585,Russia,2017,5.962999820709231,1.28177809715271
117,Russia,2015,5.716,1.13764
273,Russia,2016,5.856,1.2322799999999998
741,Russia,2018,5.81,1.151
431,Rwanda,2017,3.47099995613098,0.368745893239975
898,Rwanda,2019,3.3339999999999996,0.359
586,Rwanda,2017,3.47099995613098,0.368745893239975
118,Rwanda,2015,3.465,0.22208000000000003
742,Rwanda,2018,3.408,0.332
274,Rwanda,2016,3.515,0.32846
119,Saudi Arabia,2015,6.4110000000000005,1.39541
275,Saudi Arabia,2016,6.379,1.48953
587,Saudi Arabia,2017,6.343999862670901,1.53062355518341
743,Saudi Arabia,2018,6.371,1.379
899,Saudi Arabia,2019,6.375,1.403
432,Saudi Arabia,2017,6.343999862670901,1.53062355518341
588,Senegal,2017,4.53499984741211,0.479309022426605
744,Senegal,2018,4.631,0.429
900,Senegal,2019,4.681,0.45
433,Senegal,2017,4.53499984741211,0.479309022426605
276,Senegal,2016,4.218999999999999,0.44314
120,Senegal,2015,3.904,0.36498
589,Serbia,2017,5.39499998092651,1.06931757926941
901,Serbia,2019,5.603,1.004
121,Serbia,2015,5.122999999999999,0.92053
277,Serbia,2016,5.1770000000000005,1.03437
434,Serbia,2017,5.39499998092651,1.06931757926941
745,Serbia,2018,5.398,0.975
435,Sierra Leone,2017,4.70900011062622,0.36842092871666
590,Sierra Leone,2017,4.70900011062622,0.36842092871666
902,Sierra Leone,2019,4.374,0.268
122,Sierra Leone,2015,4.507,0.33024000000000003
746,Sierra Leone,2018,4.571000000000001,0.256
278,Sierra Leone,2016,4.635,0.36485
436,Singapore,2017,6.57200002670288,1.69227766990662
591,Singapore,2017,6.57200002670288,1.69227766990662
747,Singapore,2018,6.343,1.5290000000000001
903,Singapore,2019,6.2620000000000005,1.5719999999999998
123,Singapore,2015,6.797999999999999,1.52186
279,Singapore,2016,6.739,1.64555
124,Slovakia,2015,5.995,1.1689100000000001
748,Slovakia,2018,6.172999999999999,1.21
280,Slovakia,2016,6.077999999999999,1.27973
904,Slovakia,2019,6.1979999999999995,1.246
437,Slovakia,2017,6.09800004959106,1.32539355754852
592,Slovakia,2017,6.09800004959106,1.32539355754852
125,Slovenia,2015,5.848,1.18498
749,Slovenia,2018,5.9479999999999995,1.219
438,Slovenia,2017,5.75799989700317,1.3412059545516999
593,Slovenia,2017,5.75799989700317,1.3412059545516999
281,Slovenia,2016,5.768,1.2994700000000001
905,Slovenia,2019,6.117999999999999,1.258
750,Somalia,2018,4.982,0.0
594,Somalia,2017,5.151000022888179,0.0226431842893362
906,Somalia,2019,4.668,0.0
439,Somalia,2017,5.151000022888179,0.0226431842893362
282,Somalia,2016,5.44,0.0
283,Somaliland Region,2016,5.0569999999999995,0.25558000000000003
126,Somaliland region,2015,5.0569999999999995,0.18847
751,South Africa,2018,4.724,0.94
127,South Africa,2015,4.6419999999999995,0.9204899999999999
284,South Africa,2016,4.459,1.02416
595,South Africa,2017,4.8289999961853,1.05469870567322
907,South Africa,2019,4.7219999999999995,0.96
440,South Africa,2017,4.8289999961853,1.05469870567322
128,South Korea,2015,5.984,1.24461
441,South Korea,2017,5.837999820709231,1.40167844295502
596,South Korea,2017,5.837999820709231,1.40167844295502
285,South Korea,2016,5.835,1.35948
908,South Korea,2019,5.895,1.301
752,South Korea,2018,5.875,1.266
753,South Sudan,2018,3.2539999999999996,0.337
286,South Sudan,2016,3.832,0.39394
909,South Sudan,2019,2.853,0.306
597,South Sudan,2017,3.5910000801086404,0.39724862575531
442,South Sudan,2017,3.5910000801086404,0.39724862575531
754,Spain,2018,6.31,1.251
443,Spain,2017,6.40299987792969,1.38439786434174
910,Spain,2019,6.354,1.286
287,Spain,2016,6.361000000000001,1.34253
598,Spain,2017,6.40299987792969,1.38439786434174
129,Spain,2015,6.329,1.23011
444,Sri Lanka,2017,4.44000005722046,1.00985014438629
599,Sri Lanka,2017,4.44000005722046,1.00985014438629
130,Sri Lanka,2015,4.271,0.83524
288,Sri Lanka,2016,4.415,0.9731799999999999
755,Sri Lanka,2018,4.471,0.9179999999999999
911,Sri Lanka,2019,4.3660000000000005,0.9490000000000001
131,Sudan,2015,4.55,0.52107
289,Sudan,2016,4.138999999999999,0.63069
756,Sudan,2018,4.138999999999999,0.605
600,Sudan,2017,4.138999938964839,0.6595166921615601
445,Sudan,2017,4.138999938964839,0.6595166921615601
290,Suriname,2016,6.269,1.09686
132,Suriname,2015,6.269,0.99534
912,Swaziland,2019,4.212,0.8109999999999999
133,Swaziland,2015,4.867,0.71206
291,Sweden,2016,7.291,1.45181
757,Sweden,2018,7.314,1.355
913,Sweden,2019,7.343,1.3869999999999998
601,Sweden,2017,7.28399991989136,1.49438726902008
446,Sweden,2017,7.28399991989136,1.49438726902008
134,Sweden,2015,7.364,1.33171
447,Switzerland,2017,7.49399995803833,1.5649795532226598
602,Switzerland,2017,7.49399995803833,1.5649795532226598
914,Switzerland,2019,7.48,1.452
758,Switzerland,2018,7.487,1.42
292,Switzerland,2016,7.5089999999999995,1.5273299999999999
135,Switzerland,2015,7.587000000000001,1.3965100000000001
293,Syria,2016,3.069,0.7471899999999999
448,Syria,2017,3.46199989318848,0.777153134346008
603,Syria,2017,3.46199989318848,0.777153134346008
915,Syria,2019,3.4619999999999997,0.619
759,Syria,2018,3.4619999999999997,0.6890000000000001
136,Syria,2015,3.0060000000000002,0.6632
137,Taiwan,2015,6.297999999999999,1.29098
760,Taiwan,2018,6.441,1.365
294,Taiwan,2016,6.379,1.39729
916,Taiwan,2019,6.446000000000001,1.368
449,Taiwan Province of China,2017,6.42199993133545,1.4336265325546298
604,Taiwan Province of China,2017,6.42199993133545,1.4336265325546298
138,Tajikistan,2015,4.7860000000000005,0.39047
605,Tajikistan,2017,5.04099988937378,0.524713635444641
295,Tajikistan,2016,4.996,0.48835
917,Tajikistan,2019,5.4670000000000005,0.493
450,Tajikistan,2017,5.04099988937378,0.524713635444641
761,Tajikistan,2018,5.199,0.474
918,Tanzania,2019,3.2310000000000003,0.47600000000000003
762,Tanzania,2018,3.303,0.455
606,Tanzania,2017,3.34899997711182,0.511135876178741
139,Tanzania,2015,3.781,0.2852
296,Tanzania,2016,3.6660000000000004,0.47155
451,Tanzania,2017,3.34899997711182,0.511135876178741
452,Thailand,2017,6.4239997863769505,1.12786877155304
919,Thailand,2019,6.007999999999999,1.05
140,Thailand,2015,6.455,0.9669
607,Thailand,2017,6.4239997863769505,1.12786877155304
297,Thailand,2016,6.474,1.0893
763,Thailand,2018,6.072,1.016
764,Togo,2018,3.9989999999999997,0.259
298,Togo,2016,3.303,0.28123000000000004
920,Togo,2019,4.085,0.275
453,Togo,2017,3.4949998855590803,0.30544471740722695
608,Togo,2017,3.4949998855590803,0.30544471740722695
141,Togo,2015,2.839,0.20868
765,Trinidad & Tobago,2018,6.192,1.2229999999999999
921,Trinidad & Tobago,2019,6.192,1.2309999999999999
299,Trinidad and Tobago,2016,6.167999999999999,1.32572
454,Trinidad and Tobago,2017,6.1680002212524405,1.36135590076447
609,Trinidad and Tobago,2017,6.1680002212524405,1.36135590076447
142,Trinidad and Tobago,2015,6.167999999999999,1.21183
922,Tunisia,2019,4.461,0.9209999999999999
766,Tunisia,2018,4.592,0.9
455,Tunisia,2017,4.80499982833862,1.00726580619812
610,Tunisia,2017,4.80499982833862,1.00726580619812
143,Tunisia,2015,4.739,0.88113
300,Tunisia,2016,5.045,0.97724
767,Turkey,2018,5.483,1.148
301,Turkey,2016,5.388999999999999,1.1649200000000002
456,Turkey,2017,5.5,1.1982743740081798
923,Turkey,2019,5.372999999999999,1.183
611,Turkey,2017,5.5,1.1982743740081798
144,Turkey,2015,5.332000000000001,1.06098
924,Turkmenistan,2019,5.247000000000001,1.052
612,Turkmenistan,2017,5.82200002670288,1.1307767629623402
145,Turkmenistan,2015,5.547999999999999,0.95847
302,Turkmenistan,2016,5.6579999999999995,1.08017
457,Turkmenistan,2017,5.82200002670288,1.1307767629623402
768,Turkmenistan,2018,5.636,1.016
146,Uganda,2015,3.931,0.21101999999999999
925,Uganda,2019,4.189,0.332
303,Uganda,2016,3.739,0.34719
458,Uganda,2017,4.08099985122681,0.381430715322495
769,Uganda,2018,4.1610000000000005,0.322
613,Uganda,2017,4.08099985122681,0.381430715322495
614,Ukraine,2017,4.09600019454956,0.89465194940567
459,Ukraine,2017,4.09600019454956,0.89465194940567
926,Ukraine,2019,4.332,0.82
770,Ukraine,2018,4.103,0.7929999999999999
147,Ukraine,2015,4.681,0.79907
304,Ukraine,2016,4.324,0.87287
305,United Arab Emirates,2016,6.5729999999999995,1.57352
771,United Arab Emirates,2018,6.774,2.096
460,United Arab Emirates,2017,6.6479997634887695,1.6263433694839498
148,United Arab Emirates,2015,6.901,1.42727
615,United Arab Emirates,2017,6.6479997634887695,1.6263433694839498
927,United Arab Emirates,2019,6.825,1.5030000000000001
306,United Kingdom,2016,6.725,1.40283
149,United Kingdom,2015,6.867000000000001,1.26637
461,United Kingdom,2017,6.71400022506714,1.44163393974304
772,United Kingdom,2018,7.19,1.244
616,United Kingdom,2017,6.71400022506714,1.44163393974304
928,United Kingdom,2019,7.053999999999999,1.3330000000000002
462,United States,2017,6.993000030517581,1.54625928401947
150,United States,2015,7.119,1.3945100000000001
773,United States,2018,6.886,1.3980000000000001
617,United States,2017,6.993000030517581,1.54625928401947
929,United States,2019,6.892,1.433
307,United States,2016,7.104,1.50796
774,Uruguay,2018,6.379,1.093
151,Uruguay,2015,6.485,1.06166
308,Uruguay,2016,6.545,1.18157
930,Uruguay,2019,6.292999999999999,1.124
463,Uruguay,2017,6.4539999961853,1.2175596952438401
618,Uruguay,2017,6.4539999961853,1.2175596952438401
464,Uzbekistan,2017,5.97100019454956,0.786441087722778
152,Uzbekistan,2015,6.002999999999999,0.63244
619,Uzbekistan,2017,5.97100019454956,0.786441087722778
775,Uzbekistan,2018,6.096,0.7190000000000001
931,Uzbekistan,2019,6.1739999999999995,0.745
309,Uzbekistan,2016,5.987,0.7359100000000001
310,Venezuela,2016,6.084,1.1336700000000002
776,Venezuela,2018,4.806,0.996
932,Venezuela,2019,4.707,0.96
153,Venezuela,2015,6.81,1.04424
465,Venezuela,2017,5.25,1.12843120098114
620,Venezuela,2017,5.25,1.12843120098114
933,Vietnam,2019,5.175,0.741
777,Vietnam,2018,5.103,0.715
154,Vietnam,2015,5.36,0.63216
311,Vietnam,2016,5.061,0.74037
466,Vietnam,2017,5.07399988174438,0.7885475754737851
621,Vietnam,2017,5.07399988174438,0.7885475754737851
778,Yemen,2018,3.355,0.442
312,Yemen,2016,3.7239999999999998,0.57939
155,Yemen,2015,4.077,0.5464899999999999
622,Yemen,2017,3.59299993515015,0.5916834473609921
467,Yemen,2017,3.59299993515015,0.5916834473609921
934,Yemen,2019,3.38,0.287
468,Zambia,2017,4.513999938964839,0.6364067792892459
779,Zambia,2018,4.377,0.562
623,Zambia,2017,4.513999938964839,0.6364067792892459
935,Zambia,2019,4.107,0.578
313,Zambia,2016,4.795,0.61202
156,Zambia,2015,5.129,0.47038
624,Zimbabwe,2017,3.875,0.37584653496742204
469,Zimbabwe,2017,3.875,0.37584653496742204
314,Zimbabwe,2016,4.1930000000000005,0.35041
157,Zimbabwe,2015,4.61,0.271
780,Zimbabwe,2018,3.6919999999999997,0.35700000000000004
936,Zimbabwe,2019,3.6630000000000003,0.366
